folder,file_count
Pica_serica,3753
Anas_zonorhyncha,2574
Ardea_cinerea,2490
Streptopelia_orientalis,2124
Passer_montanus,2103
Hypsipetes_amaurotis,1908
Corvus_macrorhynchos,1882
Larus_crassirostris,1824
Phoenicurus_auroreus,1615
Anas_platyrhynchos,1560
Cyanopica_cyanus,1422
Ardea_alba,1416
Parus_cinereus,1242
Columba_livia_domestica,1240
Phalacrocorax_carbo,1236
Aix_galericulata,1069
Emberiza_elegans,973
Felis_catus,942
Hirundo_rustica,917
Lanius_bucephalus,871
Egretta_garzetta,869
Fulica_atra,846
Motacilla_alba,840
Suthora_webbiana,839
Chloris_sinica,828
Anas_crecca,790
Larus,787
Buteo_japonicus,738
Tachybaptus_ruficollis,681
Sittiparus_varius,671
Mergus_merganser,614
Hydropotes_inermis,580
Falco_tinnunculus,569
Poecile_palustris,560
Tringa_nebularia,554
Aythya_ferina,547
Podiceps_cristatus,542
Aegithalos_caudatus,538
Actitis_hypoleucos,520
Motacilla_cinerea,519
Larus_vegae,507
Anser_albifrons,480
Thinornis_dubius,473
Mareca_strepera,472
Spodiopsar_cineraceus,463
Phalacrocorax_capillatus,463
Eophona_migratoria,459
Tringa_ochropus,453
Emberiza_rustica,446
Fringilla_montifringilla,440
Cygnus_cygnus,439
Larus_mongolicus,438
Turdus_eunomus,438
Platalea_minor,436
Monticola_solitarius,434
Garrulus_glandarius,429
Phasianus_colchicus,427
Aegypius_monachus,427
Thinornis_placidus,423
Aves,422
Eutamias_sibiricus,418
Spatula_clypeata,412
Anas_crecca_crecca,403
Chroicocephalus_ridibundus,403
Mareca_penelope,401
Sciurus_vulgaris,379
Zosterops_japonicus,366
Ardea_coromanda,360
Turdus_pallidus,356
Alcedo_atthis,351
Emberiza_spodocephala,348
Yungipicus_kizuki,343
Eurystomus_orientalis,341
Aythya_fuligula,340
Dendrocopos_major,340
Ardea_intermedia,329
Corvus_frugilegus,322
Mareca_falcata,314
Anas_acuta,314
Anthus_hodgsoni,311
Sitta_europaea,311
Calidris_ruficollis,307
Calidris_alpina,301
Butorides_striata,296
Turdus_hortulorum,296
Haliaeetus_albicilla,292
Himantopus_himantopus,290
Turdus_naumanni,286
Capreolus_pygargus,284
Gallinago_gallinago,279
Anarhynchus_alexandrinus,273
Platalea_leucorodia,261
Saxicola_stejnegeri,261
Anser_fabalis,258
Falco_peregrinus,258
Pycnonotus_sinensis,256
Accipiter_nisus,256
Ciconia_boyciana,256
Nycticorax_nycticorax,255
Tringa_glareola,251
Motacilla_grandis,250
Grus_monacha,249
Dendrocopos_leucotos,248
Emberiza_cioides,246
Haematopus_ostralegus,246
Muscicapa_dauurica,244
Upupa_epops,243
Sibirionetta_formosa,243
Gallinula_chloropus,236
Anser_serrirostris,234
Motacilla_alba_lugens,232
Larus_fuscus_heuglini,232
Homo_sapiens,228
Xenus_cinereus,228
Tadorna_tadorna,228
Hypsipetes_amaurotis_amaurotis,223
Tringa_brevipes,221
Larus_schistisagus,212
Antigone_vipio,208
Limosa_lapponica,206
Motacilla_alba_leucopsis,206
Pandion_haliaetus,204
Picus_canus,202
Mammalia,195
Periparus_ater,195
Pluvialis_squatarola,194
Hydropotes_inermis_argyropus,194
Bucephala_clangula,192
Numenius_phaeopus,191
Mergus_serrator,186
Nyctereutes_procyonoides,182
Emberiza_pallasi,180
Egretta_sacra,179
Cyanoptila_cyanomelana,179
Apus_pacificus,178
Spinus_spinus,177
Oriolus_chinensis,176
Tadorna_ferruginea,172
Anthus_japonicus,171
Circus_cyaneus,169
Tarsiger_cyanurus,169
Corvus,167
Anarhynchus_mongolus,167
Mergellus_albellus,165
Calonectris_leucomelas,165
Acrocephalus_orientalis,158
Sus_scrofa,157
Canis_familiaris,154
Alauda_arvensis,154
Emberiza_pusilla,153
Spatula_querquedula,153
Coccothraustes_coccothraustes,147
Lanius_tigrinus,144
Passer_montanus_saturatus,142
Urile_pelagicus,139
Arenaria_interpres,139
Grus_japonensis,135
Saundersilarus_saundersi,135
Limosa_limosa,135
Falco_subbuteo,134
Ficedula_zanthopygia,133
Phylloscopus,133
Cecropis_daurica,131
Larus_canus,131
Ardeola_bacchus,129
Vanellus_vanellus,125
Astur_gentilis,122
Numenius_madagascariensis,119
Anser,118
Hypsipetes_amaurotis_hensoni,117
Passeriformes,116
Periparus_venustulus,115
Aythya_marila,112
Ardea_cinerea_jouyi,112
Corvus_corone,112
Phylloscopus_inornatus,111
Horornis_diphone,109
Lanius_cristatus,109
Regulus_regulus,108
Egretta_eulophotes,107
Calidris_alba,106
Emberiza_chrysophrys,105
Spodiopsar_sericeus,103
Phylloscopus_coronatus,102
Tursiops_aduncus,101
Mogera_robusta,101
Muscicapa_griseisticta,101
Motacilla_tschutschensis,99
Numenius_arquata,99
Podiceps_nigricollis,98
Anthus_richardi,96
Zoothera_aurea,96
Chlidonias_hybrida,95
Parus_cinereus_minor,95
Troglodytes_troglodytes,91
Mustela_sibirica,91
Calidris_acuminata,91
Sturnus_vulgaris,91
Tetrastes_bonasia,90
Phalacrocorax,90
Cuculus_canorus,89
Ardea,86
Lutra_lutra,86
Ficedula_narcissina,85
Gavia_arctica,85
Calidris_subminuta,85
Ardea_alba_alba,85
Buteo_hemilasius,85
Calidris_tenuirostris,84
Tringa_erythropus,84
Anatidae,82
Emberiza_tristrami,80
Tringa_totanus,79
Pteromys_volans,79
Tachyspiza_soloensis,79
Turdus_obscurus,77
Ardea_alba_modesta,76
Corvus_macrorhynchos_mandshuricus,76
Cyanopica_cyanus_koreensis,75
Streptopelia_orientalis_orientalis,75
Pernis_ptilorhynchus,74
Gavia,72
Meles_leucurus,72
Phoenicurus_auroreus_auroreus,72
Anas_platyrhynchos_platyrhynchos,72
Phylloscopus_borealis,71
Bombycilla_japonica,71
Emberiza_rutila,71
Turdus_mandarinus,70
Tringa_stagnatilis,69
Glareola_maldivarum,67
Anthus_cervinus,67
Larus_hyperboreus,66
Pluvialis_fulva,65
Cinclus_pallasii,64
Remiz_consobrinus,64
Terpsiphone_atrocaudata,63
Phasianus_colchicus_karpowi,63
Columba_livia,61
Lepus_coreanus,61
Milvus_migrans,60
Prionailurus_bengalensis,60
Melanitta_stejnegeri,60
Aegithalos_caudatus_magnus,60
Fulica_atra_atra,58
Coloeus_dauuricus,58
Buteo,57
Hirundo_rustica_gutturalis,57
Synthliboramphus_antiquus,57
Prionailurus_bengalensis_euptilurus,56
Columba_rupestris,55
Butastur_indicus,55
Passer_cinnamomeus,55
Sternula_albifrons,55
Emberiza_aureola,55
Bubo_bubo,54
Tachybaptus_ruficollis_poggei,53
Soricidae,53
Yungipicus_canicapillus,52
Carnivora,51
Pyrrhula_pyrrhula,51
Histrionicus_histrionicus,51
Accipitrinae,51
Leucosticte_arctoa,50
Egretta_garzetta_garzetta,50
Emberiza,50
Scolopacidae,50
Haliaeetus_pelagicus,49
Pericrocotus_divaricatus,48
Ficedula_mugimaki,48
Anas_platyrhynchos_domesticus,48
Martes_flavigula,48
Rattus_norvegicus,47
Phalacrocorax_carbo_sinensis,47
Carpodacus_sibiricus,47
Ardeinae,46
Lanius_sphenocercus,46
Gallus_gallus_domesticus,45
Sterna_hirundo,45
Phylloscopus_fuscatus,44
Anas_platyrhynchos_zonorhyncha,44
Turdus_chrysolaus,44
Monticola_solitarius_philippensis,42
Emberiza_fucata,42
Cisticola_juncidis,42
Phylloscopidae,42
Motacilla,42
Motacilla_alba_ocularis,41
Dendrocopos,41
Ardeidae,40
Botaurus_sinensis,40
Phalaropus_lobatus,39
Rodentia,39
Podiceps_grisegena,39
Zosterops_erythropleurus,39
Oryctolagus_cuniculus_domesticus,38
Muscicapidae,38
Turdus_cardis,38
Calidris_falcinellus,38
Anthus,38
Larvivora_sibilans,36
Accipitridae,35
Nyctereutes_procyonoides_koreensis,35
Numenius,35
Equus_caballus,35
Pavo_cristatus,35
Riparia_riparia,35
Yungipicus_kizuki_nippon,34
Mergus_squamatus,34
Falco_amurensis,34
Gallicrex_cinerea,34
Tachyspiza_gularis,33
Prunella_montanella,33
Thinornis,33
Acrocephalus_bistrigiceps,33
Larvivora_cyane,32
Urosphena_squameiceps,32
Larus_fuscus,32
Dicrurus_macrocercus,32
Turdus,32
Podiceps_cristatus_cristatus,31
Rissa_tridactyla,31
Certhia_familiaris,31
Hirundinidae,31
Loxia_curvirostra,30
Columba_janthina,30
Bos_taurus,30
Sturnia_sinensis,29
Chlidonias_leucopterus,29
Emberiza_schoeniclus,29
Phalacrocoracidae,29
Ninox_japonica,29
Tringa,28
Clanga_clanga,28
Columba_janthina_janthina,28
Muscicapa_sibirica,28
Columbidae,28
Phylloscopus_proregulus,28
Poecile_palustris_hellmayri,28
Sciurus_vulgaris_mantchuricus,28
Helopsaltes_pleskei,28
Calcarius_lapponicus,27
Sittiparus_varius_varius,27
Anser_anser_domesticus,27
Gavia_pacifica,27
Anthus_spinoletta,27
Rattus,27
Calliope_calliope,26
Neophocaena_sunameri,26
Phylloscopus_examinandus,26
Cygnus_olor,26
Suthora_webbiana_fulvicauda,26
Anarhynchus,26
Zosterops_japonicus_japonicus,26
Carpodacus_roseus,25
Cervus_nippon,25
Erinaceus_amurensis,25
Rostratula_benghalensis,25
Gallinago,25
Corvidae,25
Calidris_ferruginea,25
Emberiza_personata,25
Podiceps_auritus,25
Dendronanthus_indicus,24
Prunella_collaris,24
Larinae,24
Pitta_nympha,24
Larus_fuscus_taimyrensis,24
Micromys_minutus,24
Buteo_lagopus,24
Charadriiformes,24
Ficedula_albicilla,23
Hydrophasianus_chirurgus,23
Lutra_lutra_lutra,23
Mergus_merganser_merganser,23
Podiceps_nigricollis_nigricollis,23
Naemorhedus_caudatus,23
Agropsar_philippensis,23
Pericrocotus_tegimae,23
Charadriidae,22
Anser_caerulescens,22
Sitta_europaea_amurensis,22
Anas,22
Grus_grus,22
Bombycilla_garrulus,22
Anser_serrirostris_serrirostris,22
Lanius,22
Rallus_indicus,21
Calidris_pugnax,21
Larus_canus_kamtschatschensis,21
Cuculus,21
Falco_tinnunculus_perpallidus,21
Gavia_stellata,21
Capra_hircus,21
Gallinago_stenura,21
Melanitta_americana,21
Calidris_temminckii,21
Rhinolophus_ferrumequinum,20
Egretta,20
Luscinia_svecica,20
Hirundapus_caudacutus,20
Craseomys_regulus,20
Horornis_canturians,20
Lanius_schach,20
Vespertilioninae,20
Falco_columbarius,19
Calidris,19
Cairina_moschata_domestica,19
Cerorhinca_monocerata,19
Galerida_cristata,19
Gallus_gallus,19
Synthliboramphus_wumizusume,19
Martes_flavigula_borealis,19
Mustela_sibirica_manchurica,19
Circus_spilonotus,19
Paridae,19
Oriolus_chinensis_diffusus,18
Picidae,18
Asio_otus,18
Caprimulgus_jotaka,18
Emberiza_variabilis,18
Garrulus_glandarius_bambergi,17
Anarhynchus_veredus,17
Apodemus_agrarius,17
Agropsar_sturninus,17
Crocidura,17
Tringa_guttifer,17
Phylloscopus_tenellipes,17
Capreolini,17
Anser_albifrons_albifrons,17
Oryctolagus_cuniculus,17
Phoca_largha,17
Gallinago_solitaria,17
Halcyon_pileata,17
Apodemus_agrarius_coreae,17
Recurvirostra_avosetta,17
Aythya,17
Anser_cygnoides,16
Myocastor_coypus,16
Chroicocephalus,16
Cuculidae,16
Muridae,16
Muroidea,16
Phylloscopus_schwarzi,16
Aythya_nyroca,16
Platalea,16
Emberiza_sulphurata,16
Anarhynchus_leschenaultii,16
Nipponia_nippon,15
Meles_leucurus_amurensis,15
Numenius_minutus,15
Picus_canus_jessoensis,15
Dendrocopos_leucotos_leucotos,15
Hypsugo_alaschanicus,15
Calidris_canutus,15
Phylloscopus_borealoides,15
Placentalia,15
Emberiza_yessoensis,15
Dendrocopos_major_japonicus,15
Anser_cygnoides_domesticus,14
Vespertilionidae,14
Acrocephalus,14
Mareca_strepera_strepera,14
Artiodactyla,14
Bubo_bubo_kiautschensis,14
Dendrocopos_leucotos_quelpartensis,14
Chloris_sinica_ussuriensis,13
Falco,13
Corvus_corone_orientalis,13
Carpodacus_erythrinus,13
Motacilla_citreola,13
Anas_platyrhynchos_cairina_moschata,13
Anser_fabalis_middendorffii,13
Thalasseus_bernsteini,13
Gallinula_chloropus_chloropus,13
Laridae,13
Carpodacus_sibiricus_ussuriensis,13
Ardea_purpurea,12
Tetrastes_bonasia_amurensis,12
Aythya_baeri,12
Asio_flammeus,12
Arvicolinae,12
Eophona_personata,12
Botaurus_stellaris_stellaris,12
Haematopus_ostralegus_osculans,12
Nycticorax_nycticorax_nycticorax,11
Chiroptera,11
Anser_erythropus,11
Chloris_sinica_kawarahiba,11
Halcyon_coromanda,11
Larus_glaucescens,11
Helopsaltes_ochotensis,11
Aythya_marila_marila,11
Falco_subbuteo_subbuteo,11
Strix_nivicolum,11
Eutamias_sibiricus_barberi,11
Horornis,10
Pyrrhula_pyrrhula_griseiventris,10
Aquila_heliaca,10
Poecile,10
Zosterops,10
Muscicapa,10
Crocidura_lasiura,10
Motacilla_tschutschensis_taivana,10
Mus_musculus,10
Ichthyaetus_relictus,10
Delichon_dasypus,10
Milvus_migrans_lineatus,10
Cuculus_poliocephalus,10
Myotis_rufoniger,10
Bucephala_clangula_clangula,10
Canidae,10
Otus_sunia,9
Ovis_aries,9
Strix_uralensis,9
Zosterops_simplex,9
Yungipicus_canicapillus_doerriesi,9
Crocidura_shantungensis,9
Cuculus_optatus,9
Motacilla_tschutschensis_tschutschensis,9
Asio_flammeus_flammeus,9
Sterninae,9
Fringillidae,9
Turdidae,9
Podiceps_auritus_auritus,9
Sus_scrofa_ussuricus,9
Cygnus,9
Periparus_ater_ater,9
Columba_rupestris_rupestris,9
Egretta_sacra_sacra,9
Mustela,9
Phasianidae,8
Myotis,8
Cepphus_carbo,8
Troglodytes_troglodytes_dauricus,8
Falco_columbarius_pacificus,8
Falco_peregrinus_japonensis,8
Alauda_arvensis_japonica,8
Turdus_mandarinus_mandarinus,8
Hydroprogne_caspia,8
Larvivora_akahige,8
Aythya_valisineria,8
Anthus_gustavi,8
Terpsiphone_atrocaudata_atrocaudata,8
Botaurus_eurhythmus,8
Ardea_purpurea_manilensis,8
Platalea_leucorodia_leucorodia,8
Circus_melanoleucos,8
Leporidae,8
Monticola_gularis,8
Aegithalos_caudatus_caudatus,8
Ficedula,8
Alcedo_atthis_bengalensis,8
Vanellus_cinereus,8
Alauda_arvensis_intermedia,7
Vespertilio_sinensis,7
Motacilla_tschutschensis_plexa,7
Periparus_ater_insularis,7
Accipitriformes,7
Acanthis_flammea,7
Strix,7
Motacilla_tschutschensis_macronyx,7
Limnodromus_scolopaceus,7
Cuculus_micropterus,7
Capra,7
Aquila_nipalensis,7
Lanius_cristatus_cristatus,7
Mareca_americana_penelope,7
Myomorpha,7
Mustelidae,7
Geokichla_sibirica,7
Botaurus_stellaris,7
Stercorarius_pomarinus,7
Anthus_godlewskii,7
Nyctalus,6
Cisticola_juncidis_brunniceps,6
Limnodromus_semipalmatus,6
Vulpes_zerda,6
Sus_scrofa_domesticus,6
Charadrius_hiaticula,6
Amaurornis_phoenicurus_phoenicurus,6
Cervus_nippon_taiouanus,6
Mareca_americana,6
Crocidura_suaveolens,6
Cygnus_columbianus_bewickii,6
Limosa,6
Anser_anser,6
Apodemus,6
Cuculus_canorus_canorus,6
Ciconia_nigra,6
Struthio_camelus,6
Sterna,6
Mustela_sibirica_quelpartis,6
Parus_cinereus_dageletensis,6
Lama_pacos,6
Tadarida,6
Ailuropoda_melanoleuca,6
Hydrocoloeus_minutus,6
Phoenicurus_ochruros,6
Parus,6
Coturnix_japonica,6
Branta_bernicla,6
Emberizidae,6
Cervidae,6
Anser_anser_domesticus_cygnoides_domesticus,5
Pastor_roseus,5
Horornis_canturians_borealis,5
Pavo,5
Urile_pelagicus_pelagicus,5
Scolopax_rusticola,5
Ruminantia,5
Pipistrellus_abramus,5
Naemorhedus_caudatus_raddeanus,5
Jynx_torquilla_chinensis,5
Stercorarius_parasiticus,5
Streptopelia_decaocto,5
Eurystomus_orientalis_cyanocollis,5
Homo,5
Felidae,5
Gavia_arctica_viridigularis,5
Gallinago_megala,5
Felinae,5
Columbiformes,5
Crocidurinae,5
Anser_indicus,5
Lanius_phoenicuroides,5
Cygnus_atratus,5
Cygnus_columbianus,5
Calidris_pygmaea,5
Calandrella,5
Chloris_sinica_minor,5
Otus,5
Apodemus_peninsulae,5
Panthera_tigris,5
Helopsaltes_certhiola,5
Helopsaltes,5
Acinonyx_jubatus,5
Struthio,5
Zoothera_aurea_aurea,4
Zoothera_aurea_toratugumi,4
Hierococcyx_hyperythrus,4
Panthera_leo,4
Panthera_pardus,4
Netta_rufina,4
Nucifraga_caryocatactes,4
Ninox_japonica_japonica,4
Aquila_chrysaetos_japonica,4
Thinornis_dubius_curonicus,4
Lemur_catta,4
Vespertilionoidea,4
Dendrocopos_leucotos_takahashii,4
Carpodacus_roseus_roseus,4
Pteromys_volans_volans,4
Procyon_lotor,4
Piciformes,4
Pernis_ptilorhynchus_orientalis,4
Curruca_curruca,4
Branta_bernicla_nigricans,4
Hirundo,4
Jynx_torquilla,4
Elanus_caeruleus,4
Phylloscopus_collybita_tristis,4
Butorides_striata_amurensis,4
Pipistrellus,4
Locustellidae,4
Pluvialis,4
Sciuridae,4
Rhinopithecus_roxellana,4
Remiz,4
Branta_hutchinsii,4
Yungipicus,4
Murinae,4
Hemitragus_jemlahicus,4
Aquila_chrysaetos,4
Treron_sieboldii,4
Galliformes,4
Athene_noctua,4
Strigidae,4
Alaudala_cheleensis,4
Ursus_thibetanus,4
Amaurornis_phoenicurus,4
Ardenna_tenuirostris,4
Eremophila_alpestris_flava,4
Eudromias_morinellus,4
Asio_otus_otus,4
Grus_grus_monacha,4
Motacillidae,4
Gavia_adamsii,4
Gallinago_hardwickii,4
Laurasiatheria,3
Apodidae,3
Otus_sunia_stictonotus,3
Lasiopodomys_mandarinus,3
Apodemus_agrarius_chejuensis,3
Cuculus_micropterus_micropterus,3
Otis_tarda_dybowskii,3
Chrysolophus_pictus,3
Cervus_nippon_yakushimae,3
Hippotragus_niger,3
Gorsachius_goisagi,3
Accipiter_nisus_nisosimilis,3
Ursus_arctos,3
Sitta_villosa,3
Erinaceota,3
Dryocopus_martius,3
Phoenicopterus_roseus,3
Miniopterus_fuliginosus,3
Craseomys_rufocanus,3
Cricetinae,3
Delichon_lagopodum,3
Canis,3
Pycnonotidae,3
Cynomys_ludovicianus,3
Canis_familiaris_familiaris,3
Dama_dama,3
Leucogeranus_leucogeranus,3
Larus_canus_heinei,3
Larus_glaucoides,3
Hylobates_lar,3
Rallidae,3
Podicipedidae,3
Pandion_haliaetus_haliaetus,3
Otus_semitorques,3
Suricata_suricatta,3
Circus,3
Nymphicus_hollandicus,3
Thalasseus_bergii,3
Ovis,3
Passer,3
Phoca,3
Podiceps,3
Papio_hamadryas,3
Phylloscopus_xanthodryas,3
Rallus_aquaticus_korejewi,3
Turdus_chrysolaus_chrysolaus,3
Anthus_pratensis,3
Ficedula_parva,3
Falco_tinnunculus_interstinctus,3
Craseomys,3
Melopsittacus_undulatus,3
Antigone_canadensis,3
Melanitta,3
Rhinolophus_nippon,3
Ramphastos_toco,3
Aythya_baeri_nyroca,3
Streptopelia_tranquebarica_humilis,3
Branta_hutchinsii_minima,3
Stercorarius,3
Geokichla_sibirica_sibirica,3
Acrocephalidae,3
Hydrochoerus_hydrochaeris,3
Eremophila_alpestris,3
Synoicus_chinensis_chinensis,3
Astur_gentilis_schvedowi,3
Gaviiformes,3
Giraffa,3
Hydrobates_monorhis,3
Gaviidae,3
Certhia_familiaris_daurica,3
Charadrius,3
Meleagris_gallopavo_domesticus,3
Certhia_familiaris_orientalis,3
Vulpes_vulpes,3
Falconiformes,3
Cervini,3
Turdus_mupinensis,3
Haliaeetus_albicilla_albicilla,2
Haliaeetus,2
Zosterops_simplex_simplex,2
Amazona_ochrocephala,2
Turdus_eunomus_naumanni,2
Hippopotamus_amphibius,2
Turdus_ruficollis,2
Anthus_trivialis,2
Anthus_roseatus,2
Suidae,2
Sturnidae,2
Otaria_flavescens,2
Mus,2
Otus_semitorques_semitorques,2
Hydropotes,2
Eulipotyphla,2
Gelochelidon_nilotica,2
Aerodramus_brevirostris,2
Actitis,2
Panthera_tigris_altaica,2
Oenanthe_oenanthe,2
Onychoprion_aleuticus,2
Alcedinidae,2
Alaudidae,2
Alauda_gulgula,2
Alauda,2
Ursus_thibetanus_ussuricus,2
Ailurus_fulgens,2
Agapornis_roseicollis,2
Vespertilionini,2
Acridotheres_tristis,2
Zalophus_californianus,2
Treron_sieboldii_sieboldii,2
Sterna_hirundo_longipennis,2
Strigiformes,2
Athene_noctua_plumipes,2
Emberiza_melanocephala,2
Bison_bison,2
Laniidae,2
Lanius_cristatus_confusus,2
Eophona,2
Equus_asinus,2
Lagomorpha,2
Sciurus,2
Sitta_villosa_villosa,2
Bovidae,2
Somateria_spectabilis,2
Soricinae,2
Spheniscus_demersus,2
Spheniscus_humboldti,2
Rissa_tridactyla_pollicaris,2
Rousettus_aegyptiacus,2
Saimiri,2
Saxicola,2
Saxicola_ferreus,2
Rhinolophus,2
Rhinolophus_ferrumequinum_quelpartis,2
Camelus_bactrianus,2
Camelus_dromedarius,2
Phylloscopus_affinis,2
Phylloscopus_affinis_occisinensis,2
Pica,2
Nasua_nasua,2
Neophocaena,2
Nettapus_coromandelianus,2
Mustela_nivalis,2
Mustela_nivalis_mosanensis,2
Corvus_frugilegus_pastinator,2
Megaceryle_lugubris,2
Melanitta_fusca,2
Melopsittacus_undulatus_domesticus,2
Pipistrellus_pipistrellus,2
Aythya_collaris,2
Macaca_fuscata,2
Limosa_lapponica_baueri,2
Limosa_limosa_melanuroides,2
Locustella_lanceolata,2
Hypsipetes,2
Hystrix_cristata,2
Ichthyaetus_ichthyaetus,2
Lutra_cinerea,2
Psittaculidae,2
Psittacus_erithacus,2
Dicrurus_hottentottus,2
Dicrurus_leucophaeus,2
Calandrella_brachydactyla,2
Picus,2
Phodopus,2
Phoenicopterus,2
Pericrocotus,2
Monticola_solitarius_pandoo,2
Mergus,2
Delphinapterus_leucas,2
Crocuta_crocuta,2
Rallus_aquaticus,2
Potos_flavus,2
Primates,2
Procavia_capensis,2
Capra_hircus_hircus,2
Capra_ibex,2
Caprimulgus,2
Dendrocopos_hyperythrus_subrufinus,2
Carpodacus,2
Carpodacus_roseus_portenkoi,2
Larus_glaucoides_thayeri,2
Larus_hyperboreus_barrovianus,2
Tadarida_insignis,2
Spodiopsar,2
Arctocephalus_australis,2
Cnephaeus,2
Columba,2
Nomascus_gabriellae,2
Ciconia_ciconia,2
Ciconia_ciconia_ciconia,2
Nucifraga_caryocatactes_macrorhynchos,2
Numenius_phaeopus_variegatus,2
Numida_meleagris_domesticus,2
Nyctalus_aviator,2
Sus,2
Strix_nivicolum_ma,2
Acridotheres_tristis_tristis,2
Chroicocephalus_brunnicephalus,2
Ovis_aries_musimon,2
Helarctos_malayanus,2
Yangochiroptera,2
Alectoris_chukar,2
Clethrionomyini,2
Choloepus_didactylus,2
Aratinga_solstitialis,2
Anas_crecca_carolinensis,2
Anseriformes,2
Tragelaphus_oryx,2
Antigone_canadensis_canadensis,1
Threskiornis_aethiopicus,1
Gallus,1
Falco_sparverius,1
Felis,1
Vultur_gryphus,1
Clangula_hyemalis,1
Chlorocebus_aethiops,1
Chrysolophus,1
Haliastur_indus,1
Giraffa_reticulata,1
Gorilla_gorilla_gorilla,1
Gruidae,1
Gruiformes,1
Suliformes,1
Strix_aluco,1
Strix_uralensis_nikolskii,1
Struthioniformes,1
Motacilla_alba_baicalensis,1
Motacilla_cinerea_cinerea,1
Motacilla_flava_thunbergi,1
Notamacropus_rufogriseus,1
Clethrionomys,1
Cnephaeus_pachyomus,1
Coloeus,1
Otis_tarda,1
Nyctereutes,1
Nycticorax,1
Ara_ararauna,1
Ardenna,1
Tachyspiza_gularis_gularis,1
Tamiini,1
Tamiops,1
Tarsiger,1
Tauraco_violaceus,1
Terathopius_ecaudatus,1
Sylvilagus_floridanus,1
Symphalangus_syndactylus,1
Caprini,1
Carpodacus_erythrinus_grebnitskii,1
Leucosticte_arctoa_brunneonucha,1
Larus_schistisagus_glaucescens,1
Macropus_giganteus,1
Mandrillus_sphinx,1
Mareca,1
Mareca_strepera_falcata,1
Martes,1
Delphinus_delphis,1
Macaca_nemestrina,1
Macaca_nigra,1
Macaca_sinica,1
Cynomys,1
Castoridae,1
Canis_lupus,1
Pulsatrix_perspicillata,1
Pygoscelis,1
Pyrrhura_molinae,1
Psittacidae,1
Phascolarctos_cinereus,1
Phasianus,1
Phoca_vitulina,1
Cuon_alpinus_alpinus,1
Cyanopica,1
Cyanoptila_cyanomelana_intermedia,1
Cuculiformes,1
Mimus_polyglottos,1
Cricetidae,1
Cricetus,1
Crocidura_dsinezumi,1
Corvus_corax,1
Pelecanus_onocrotalus,1
Periparus,1
Petaurus_breviceps,1
Phalaropus,1
Cacatua,1
Calandrella_dukhunensis,1
Castor_fiber,1
Cavia_porcellus,1
Bucephala_albeola,1
Buteoninae,1
Buteo_buteo,1
Psittaciformes,1
Podiceps_grisegena_holbollii,1
Podicipediformes,1
Dicrurus_annectens,1
Hypsugo,1
Hystrix_africaeaustralis,1
Lophura_nycthemera,1
Loxia_curvirostra_japonica,1
Lynx_rufus,1
Locustella_davidi,1
Larvivora,1
Poecile_montanus,1
Poecile_rufescens,1
Pongo_pygmaeus,1
Sciurini,1
Axis_porcinus,1
Aythya_fuligula_marila,1
Rucervus_duvaucelii,1
Cercopithecus_neglectus,1
Menelikornis_leucotis,1
Myotis_macrodactylus,1
Myotis_petax,1
Myiopsitta_monachus,1
Mungos_mungo,1
Certhiidae,1
Cervinae,1
Parabuteo_unicinctus,1
Cecropis_daurica_japonica,1
Centropus_bengalensis,1
Phylloscopus_plumbeitarsus,1
Phylloscopus_ricketti,1
Phylloscopus_yunnanensis,1
Callithrix_jacchus,1
Phoenicopterus_ruber,1
Phoenicurus,1
Phoenicurus_fuliginosus,1
Saguinus_oedipus,1
Sciurinae,1
Remizidae,1
Riparia,1
Ramphastos_tucanus,1
Rattini,1
Rattus_rattus,1
Rattus_tanezumi,1
Regulus,1
Sorex_gracillimus,1
Sphenisciformes,1
Spheniscus,1
Spilopelia_chinensis_chinensis,1
Scotocercidae,1
Serinus_canaria,1
Sitta_europaea_bedfordi,1
Sittidae,1
Branta_canadensis_canadensis,1
Erithacus_rubecula,1
Euarchontoglires,1
Emberiza_spodocephala_spodocephala,1
Equus,1
Emberiza_rustica_latifascia,1
Lalage_melaschistos,1
Lanius_cristatus_lucionensis,1
Dicrurus_leucophaeus_leucogenis,1
Dryocopus_martius_martius,1
Dryocopus_pileatus,1
Emberiza_elegans_elegans,1
Dicrurus,1
Bubalus,1
Bubalus_bubalis,1
Balaeniceps_rex,1
Balaenoptera_physalus,1
Bos,1
Botaurus,1
Sterna_hirundo_tibetana,1
Streptopelia_tranquebarica,1
Ateles_geoffroyi,1
Stercorarius_longicaudus,1
Zapornia_fusca_erythrothorax,1
Zapornia_pusilla,1
Zapornia_pusilla_pusilla,1
Trichechidae,1
Trichoglossus_haematodus,1
Odontoceti,1
Oenanthe_isabellina,1
Chlidonias_niger,1
Chloris,1
Passerculus_sandwichensis,1
Pavo_muticus,1
Cervus,1
Cervus_canadensis_macneilli,1
Cetacea,1
Ceratotherium_simum,1
Ceratotherium_simum_simum,1
Arundinax_aedon_rufescens,1
Grus,1
Gypaetus_barbatus_barbatus,1
Geopelia_cuneata,1
Giraffa_giraffa,1
Horornis_canturians_canturians,1
Hyaena_hyaena,1
Eudocimus_ruber,1
Eudynamys_scolopaceus,1
Eumetopias_jubatus_jubatus,1
Euphractus_sexcinctus,1
Equus_ferus_przewalskii,1
Equus_quagga,1
Equus_quagga_boehmi,1
Astur_gentilis_gentilis,1
Spilornis_cheela,1
Pan_troglodytes,1
Otus_megalotis,1
Otus_semitorques_ussuriensis,1
Oryx_dammah,1
Oryx_gazella,1
Osphranter_robustus,1
Ovis_dalli,1
Murina_ussuriensis,1
Moschus_moschiferus,1
Motacilla_alba_alba,1
Syncerus_caffer,1
Synoicus_chinensis,1
Tachyspiza,1
Anser_caerulescens_albifrons,1
Anser_anser_rubrirostris,1
Suina,1
Sula_leucogaster,1
Apus_nipalensis,1
Aquila,1
Anthropoides_virgo,1
Anthus_hodgsoni_hodgsoni,1
Anser_anser_cygnoides,1
Ursidae,1
Herpestidae,1
Heteralocha_acutirostris,1
Heterocephalus_glaber,1
Tyto,1
Turdus_pilaris,1
Osphranter_rufus,1
